taxonomy_type,review_raw_value,occurrence_count,current_standard_group,match_strategy,top_industries,top_jobs,source_datasets,sample_record_id,sample_year,sample_industry_major,sample_industry_minor,sample_job_title,sample_accident_type_raw,sample_process_raw,sample_hazard_raw,sample_narrative_text,sample_countermeasure_text,proposed_standard_group,review_status,review_note
process,건설 및 광업 단순 종사원,20290,기타,fallback,건설업 | 광업 | 제조업,건설 및 광업 단순 종사원,3082968,3082968-3,2023,건설업,건축건설공사,건설 및 광업 단순 종사원,질병 양쪽 감각신경성 청력소실,건설 및 광업 단순 종사원,양쪽 감각신경성 청력소실,,,,,
process,기타 기능관련 종사자,5856,기타,fallback,제조업 | 기타 | 건설업,기타 기능관련 종사자,3082968,3082968-100,2023,기타,국가및지방자치단체의사업,기타 기능관련 종사자,사고 왼쪽 가운데손가락의 외상성 경지골 절단(완전)(부분),기타 기능관련 종사자,왼쪽 가운데손가락의 외상성 경지골 절단(완전)(부분),,,,,
process,기타 서비스관련 단순 종사원,5626,기타,fallback,서비스업 | 기타 | 제조업,기타 서비스관련 단순 종사원,3082968,3082968-6,2023,기타,건물등의종합관리사업,기타 서비스관련 단순 종사원,"사고 대퇴골 경부의 상세불명 부분의 골절, 폐쇄성",기타 서비스관련 단순 종사원,"대퇴골 경부의 상세불명 부분의 골절, 폐쇄성",,,,,
process,사회복지관련 종사자,2279,기타,fallback,서비스업 | 기타 | 제조업,사회복지관련 종사자,3082968,3082968-90,2023,서비스업,보건및사회복지사업,사회복지관련 종사자,사고 신체표면의 10％ 미만을 침범한 화상,사회복지관련 종사자,신체표면의 10％ 미만을 침범한 화상,,,,,
process,행정 사무원,2127,기타,fallback,서비스업 | 기타 | 제조업,행정 사무원,3082968,3082968-7,2023,서비스업,도.소매및소비자용품수리업,행정 사무원,"사고 제1늑골 이외 단일 늑골의 골절,폐쇄성",행정 사무원,"제1늑골 이외 단일 늑골의 골절,폐쇄성",,,,,
process,자동차 운전원,1602,기타,fallback,제조업 | 운수·창고업 | 서비스업,자동차 운전원,3082968,3082968-193,2023,운수·창고업,택시및경차량운수업,자동차 운전원,"사고 안쪽복사의 골절, 폐쇄성",자동차 운전원,"안쪽복사의 골절, 폐쇄성",,,,,
process,보건의료관련 종사자,1337,기타,fallback,서비스업 | 기타 | 제조업,보건의료관련 종사자,3082968,3082968-48,2023,서비스업,보건및사회복지사업,보건의료관련 종사자,"출퇴근 중족골의 골절, 폐쇄성",보건의료관련 종사자,"중족골의 골절, 폐쇄성",,,,,
process,매장 판매 종사자,1321,기타,fallback,서비스업 | 기타 | 제조업,매장 판매 종사자,3082968,3082968-159,2024,서비스업,도.소매및소비자용품수리업,매장 판매 종사자,"출퇴근 외측복사의 골절의 골절, 폐쇄성",매장 판매 종사자,"외측복사의 골절의 골절, 폐쇄성",,,,,
process,의료.복지 관련 서비스종사자,1314,기타,fallback,서비스업 | 기타 | 제조업,의료.복지 관련 서비스종사자,3082968,3082968-219,2023,서비스업,경영컨설팅서비스업,의료.복지 관련 서비스종사자,출퇴근 발목 및 발부위의 인대의 파열,의료.복지 관련 서비스종사자,발목 및 발부위의 인대의 파열,,,,,
process,판매관련 단순 종사원,1171,기타,fallback,서비스업 | 기타 | 제조업,판매관련 단순 종사원,3082968,3082968-44,2023,서비스업,도.소매및소비자용품수리업,판매관련 단순 종사원,"사고 비골 골절(모든 부분)을 동반한 경골 몸통의 골절, 폐쇄성",판매관련 단순 종사원,"비골 골절(모든 부분)을 동반한 경골 몸통의 골절, 폐쇄성",,,,,
process,(노무제공)골프장캐디,925,기타,fallback,기타 | 서비스업 | 운수·창고업,(노무제공)골프장캐디,3082968,3082968-1289,2023,기타,골프장및경마장운영업,(노무제공)골프장캐디,"사고 기타 경골 하단의 골절, 폐쇄성",(노무제공)골프장캐디,"기타 경골 하단의 골절, 폐쇄성",,,,,
process,임업관련 종사자,741,기타,fallback,기타 | 건설업 | 서비스업,임업관련 종사자,3082968,3082968-2721,2023,기타,영림업,임업관련 종사자,"사고 비골의 골절, 개방성",임업관련 종사자,"비골의 골절, 개방성",,,,,
process,보건 및 사회복지 관련 관리자,737,기타,fallback,서비스업 | 기타 | 건설업,보건 및 사회복지 관련 관리자,3082968,3082968-589,2023,서비스업,보건및사회복지사업,보건 및 사회복지 관련 관리자,"사고 상세불명 늑골의 다발골절,개방성",보건 및 사회복지 관련 관리자,"상세불명 늑골의 다발골절,개방성",,,,,
process,기타 판매 및 고객 서비스 관리자,720,기타,fallback,서비스업 | 기타 | 제조업,기타 판매 및 고객 서비스 관리자,3082968,3082968-115,2023,서비스업,도.소매및소비자용품수리업,기타 판매 및 고객 서비스 관리자,사고 하악부의 열린 상처,기타 판매 및 고객 서비스 관리자,하악부의 열린 상처,,,,,
process,농림어업관련 단순 종사원,719,기타,fallback,기타 | 농림어업 | 서비스업,농림어업관련 단순 종사원,3082968,3082968-722,2023,서비스업,도.소매및소비자용품수리업,농림어업관련 단순 종사원,"사고 기타 섬유모세포장애, 아래다리",농림어업관련 단순 종사원,"기타 섬유모세포장애, 아래다리",,,,,
process,기타 전문서비스 관리자,692,기타,fallback,서비스업 | 기타 | 제조업,기타 전문서비스 관리자,3082968,3082968-78,2023,서비스업,사업서비스업,기타 전문서비스 관리자,"사고 대퇴골 전자간 골절, 폐쇄성",기타 전문서비스 관리자,"대퇴골 전자간 골절, 폐쇄성",,,,,
process,원예 및 조경 종사자,678,기타,fallback,건설업 | 기타 | 서비스업,원예 및 조경 종사자,3082968,3082968-1333,2023,건설업,기타건설공사,원예 및 조경 종사자,사고 아래팔의 상세불명 부분의 열린상처,원예 및 조경 종사자,아래팔의 상세불명 부분의 열린상처,,,,,
process,축산 및 사육 관련 종사자,551,기타,fallback,기타 | 농림어업 | 서비스업,축산 및 사육 관련 종사자,3082968,3082968-1400,2023,서비스업,도.소매및소비자용품수리업,축산 및 사육 관련 종사자,"출퇴근 발의 주상골의 골절, 폐쇄성",축산 및 사육 관련 종사자,"발의 주상골의 골절, 폐쇄성",,,,,
process,유치원 교사,546,기타,fallback,서비스업 | 기타,유치원 교사,3082968,3082968-382,2023,서비스업,보건및사회복지사업,유치원 교사,사고 손톱의 손상이 없는 손가락의 열린 상처,유치원 교사,손톱의 손상이 없는 손가락의 열린 상처,,,,,
process,간호사,541,기타,fallback,서비스업 | 기타,간호사,3082968,3082968-112,2024,서비스업,보건및사회복지사업,간호사,"출퇴근 T7 및 T8 부위의 골절, 폐쇄성",간호사,"T7 및 T8 부위의 골절, 폐쇄성",,,,,
process,여가 및 스포츠 관련 종사자,534,기타,fallback,기타 | 서비스업 | 건설업,여가 및 스포츠 관련 종사자,3082968,3082968-773,2023,기타,오락/문화및운동관련사업,여가 및 스포츠 관련 종사자,"사고 T11 및 T12 부위의 골절, 폐쇄성",여가 및 스포츠 관련 종사자,"T11 및 T12 부위의 골절, 폐쇄성",,,,,
process,고객 상담 및 기타 사무원,521,기타,fallback,서비스업 | 기타 | 제조업,고객 상담 및 기타 사무원,3082968,3082968-35,2023,기타,국가및지방자치단체의사업,고객 상담 및 기타 사무원,사고 발목의 상세불명 부분의 염좌 및 긴장,고객 상담 및 기타 사무원,발목의 상세불명 부분의 염좌 및 긴장,,,,,
process,영업종사자,509,기타,fallback,서비스업 | 제조업 | 기타,영업종사자,3082968,3082968-232,2022,서비스업,도.소매및소비자용품수리업,영업종사자,"사고 양측 복사 골절, 발목, 폐쇄성",영업종사자,"양측 복사 골절, 발목, 폐쇄성",,,,,
process,의료·복지 관련 서비스종사자,418,기타,fallback,서비스업 | 기타 | 제조업,의료·복지 관련 서비스종사자,3082968,3082968-114,2023,서비스업,보건및사회복지사업,의료·복지 관련 서비스종사자,출퇴근 손목 및 손의 기타 부분의 타박상,의료·복지 관련 서비스종사자,손목 및 손의 기타 부분의 타박상,,,,,
process,학교 교사,407,기타,fallback,기타 | 서비스업,학교 교사,3082968,3082968-200,2023,기타,국가및지방자치단체의사업,학교 교사,사고 손톱의 손상이 없는 손가락의 열린 상처,학교 교사,손톱의 손상이 없는 손가락의 열린 상처,,,,,
process,고객서비스 관리자,379,기타,fallback,서비스업 | 기타 | 운수·창고업,고객서비스 관리자,3082968,3082968-66,2023,서비스업,도.소매및소비자용품수리업,고객서비스 관리자,"사고 아래다리의 기타 부분의 골절, 폐쇄성",고객서비스 관리자,"아래다리의 기타 부분의 골절, 폐쇄성",,,,,
process,스포츠 및 레크레이션 관련 전문가,368,기타,fallback,기타 | 서비스업 | 운수·창고업,스포츠 및 레크레이션 관련 전문가,3082968,3082968-1787,2023,서비스업,교육서비스업,스포츠 및 레크레이션 관련 전문가,"사고 아킬레스힘줄의 손상, 기타 및 상세불명의 손상",스포츠 및 레크레이션 관련 전문가,"아킬레스힘줄의 손상, 기타 및 상세불명의 손상",,,,,
process,경영관련 사무원,342,기타,fallback,서비스업 | 기타 | 제조업,경영관련 사무원,3082968,3082968-198,2023,기타,정보처리및기타컴퓨터운용관련사업,경영관련 사무원,"출퇴근 기타 손가락의 근위지골 골절, 폐쇄성",경영관련 사무원,"기타 손가락의 근위지골 골절, 폐쇄성",,,,,
process,(노무제공)보험모집인(보험설계사),293,기타,fallback,기타 | 서비스업,(노무제공)보험모집인(보험설계사),3082968,3082968-5,2023,기타,보험및연금업,(노무제공)보험모집인(보험설계사),"사고 T11 및 T12 부위의 골절, 폐쇄성",(노무제공)보험모집인(보험설계사),"T11 및 T12 부위의 골절, 폐쇄성",,,,,
process,기타 교육 전문가,293,기타,fallback,기타 | 서비스업 | 제조업,기타 교육 전문가,3082968,3082968-546,2023,제조업,출판업및음반제조업,기타 교육 전문가,사고 손목 및 손의 기타 부분의 열린상처,기타 교육 전문가,손목 및 손의 기타 부분의 열린상처,,,,,
process,(노무제공)건설기계조종사,253,기타,fallback,건설업 | 제조업 | 운수·창고업,(노무제공)건설기계조종사,3082968,3082968-3168,2023,제조업,각종시멘트제품제조업,(노무제공)건설기계조종사,"사고 흉골의 골절, 폐쇄성",(노무제공)건설기계조종사,"흉골의 골절, 폐쇄성",,,,,
process,회계 및 경리 사무원,252,기타,fallback,서비스업 | 기타 | 제조업,회계 및 경리 사무원,3082968,3082968-203,2023,서비스업,도.소매및소비자용품수리업,회계 및 경리 사무원,출퇴근 무릎의 기타 및 상세불명 부분의 염좌 및 긴장,회계 및 경리 사무원,무릎의 기타 및 상세불명 부분의 염좌 및 긴장,,,,,
process,(노무제공)탁송기사,228,기타,fallback,운수·창고업 | 서비스업 | 기타,(노무제공)탁송기사,3082968,3082968-721,2023,서비스업,퀵서비스업,(노무제공)탁송기사,사고 후십자인대의 파열,(노무제공)탁송기사,후십자인대의 파열,,,,,
process,가사 및 육아 도우미,204,기타,fallback,서비스업 | 기타 | 제조업,가사 및 육아 도우미,3082968,3082968-348,2023,서비스업,보건및사회복지사업,가사 및 육아 도우미,"출퇴근 제1늑골 이외 단일 늑골의 골절,폐쇄성",가사 및 육아 도우미,"제1늑골 이외 단일 늑골의 골절,폐쇄성",,,,,
process,행정 및 경영지원 관리자,199,기타,fallback,기타 | 서비스업 | 제조업,행정 및 경영지원 관리자,3082968,3082968-349,2024,기타,정보처리및기타컴퓨터운용관련사업,행정 및 경영지원 관리자,"출퇴근 외측복사의 골절의 골절, 폐쇄성",행정 및 경영지원 관리자,"외측복사의 골절의 골절, 폐쇄성",,,,,
process,치료사 및 의료기사,189,기타,fallback,서비스업 | 기타 | 제조업,치료사 및 의료기사,3082968,3082968-173,2024,서비스업,보건및사회복지사업,치료사 및 의료기사,사고 손톱의 손상이 없는 손가락의 열린 상처,치료사 및 의료기사,손톱의 손상이 없는 손가락의 열린 상처,,,,,
process,경호 및 보안 관련 종사자,187,기타,fallback,서비스업 | 기타 | 운수·창고업,경호 및 보안 관련 종사자,3082968,3082968-57,2023,서비스업,사업서비스업,경호 및 보안 관련 종사자,"사고 안쪽복사의 골절, 폐쇄성",경호 및 보안 관련 종사자,"안쪽복사의 골절, 폐쇄성",,,,,
process,연구.교육 및 법률 관련 관리자,181,기타,fallback,기타 | 제조업 | 서비스업,연구.교육 및 법률 관련 관리자,3082968,3082968-437,2023,제조업,출판업및음반제조업,연구.교육 및 법률 관련 관리자,"사고 척골과 요골 모두의 하단의 골절, 폐쇄성",연구.교육 및 법률 관련 관리자,"척골과 요골 모두의 하단의 골절, 폐쇄성",,,,,
process,(노무제공)(후원)방문판매원,176,기타,fallback,서비스업 | 기타,(노무제공)(후원)방문판매원,3082968,3082968-8,2023,서비스업,도.소매및소비자용품수리업,(노무제공)(후원)방문판매원,"사고 안와 바닥의 골절, 폐쇄성",(노무제공)(후원)방문판매원,"안와 바닥의 골절, 폐쇄성",,,,,
process,금융 및 보험 관련 사무 종사자,173,기타,fallback,기타 | 서비스업 | 제조업,금융 및 보험 관련 사무 종사자,3082968,3082968-234,2023,기타,금융업,금융 및 보험 관련 사무 종사자,"사고 중족골의 골절, 폐쇄성",금융 및 보험 관련 사무 종사자,"중족골의 골절, 폐쇄성",,,,,
process,"설비, 구조물 등 높은 장소에서의 작업",162,기타,fallback,제조업 | 서비스업 | 기타,,15140383,sif_manufacturing-38,2020,제조업,화학및고무제품제조업,,『적재된 제품·재료 또는 화물 적재함 위에 올라 작업』하던 중 균형을 잃고 넘어지거나 떨어짐 위험,"설비, 구조물 등 높은 장소에서의 작업",『적재된 제품·재료 또는 화물 적재함 위에 올라 작업』하던 중 균형을 잃고 넘어지거나 떨어짐 위험 중량물,2020년 10월경 OO사업장 혼합공정에서 재해자가 적재된 원재료를 밟고 모터 교체 작업 중 아래로 떨어져 사망,"▶ 추락 위험이 있는 기계·설비 등에서 작업 시 작업발판 설치 ▶ 중량물 취급작업 시 하역운반기계·운반기구 사용 ▶ 개인보호구(안전모, 안전대 등) 지급 및 착용",,,
process,위험물질 취급 또는 그 장소에서 작업,160,기타,fallback,제조업 | 서비스업 | 기타,,15140383,sif_manufacturing-9,2020,제조업,화학및고무제품제조업,,『취급하는 물질이 배관·호스·용기 등에서 누출』로 인한 화학물질 접촉·질식 또는 화재·폭발 위험,위험물질 취급 또는 그 장소에서 작업,『취급하는 물질이 배관·호스·용기 등에서 누출』로 인한 화학물질 접촉·질식 또는 화재·폭발 위험 화학물질(황산),2020년 3월경 OO사업장 화학제품 제조공정에서 재해자가 황산이 잔류한 배관에 질소를 주입하여 작업 중 황산이 주위로 비산하여 화상을 입음,▶ 안전운전절차서의 상세한 작성 및 작업방법 숙지 ▶ 작업 위험성평가를 통한 안전운전절차서의 개선,,,
process,(노무제공)학습지ㆍ교육교구등 방문강사,152,기타,fallback,서비스업 | 제조업,(노무제공)학습지ㆍ교육교구등 방문강사,3082968,3082968-829,2023,서비스업,도.소매및소비자용품수리업,(노무제공)학습지ㆍ교육교구등 방문강사,"사고 상완골 상단의 상세불명 부분의 골절, 폐쇄성",(노무제공)학습지ㆍ교육교구등 방문강사,"상완골 상단의 상세불명 부분의 골절, 폐쇄성",,,,,
process,정보시스템 개발 전문가,150,기타,fallback,기타 | 제조업 | 서비스업,정보시스템 개발 전문가,3082968,3082968-185,2023,기타,정보처리및기타컴퓨터운용관련사업,정보시스템 개발 전문가,"사고 삼복사 골절, 발목, 폐쇄성",정보시스템 개발 전문가,"삼복사 골절, 발목, 폐쇄성",,,,,
process,선박 갑판승무원 및관련 종사원,146,기타,fallback,운수·창고업 | 기타 | 제조업,선박 갑판승무원 및관련 종사원,3082968,3082968-1260,2023,운수·창고업,항공운수업,선박 갑판승무원 및관련 종사원,사고 손목의 기타 부분의 염좌 및 긴장,선박 갑판승무원 및관련 종사원,손목의 기타 부분의 염좌 및 긴장,,,,,
process,비서 및 사무 보조원,120,기타,fallback,서비스업 | 기타 | 제조업,비서 및 사무 보조원,3082968,3082968-20,2023,제조업,인쇄업,비서 및 사무 보조원,"사고 쇄골의 다발골절, 폐쇄성",비서 및 사무 보조원,"쇄골의 다발골절, 폐쇄성",,,,,
process,재활용 처리 및 소각로 조작원,119,기타,fallback,서비스업 | 제조업 | 기타,재활용 처리 및 소각로 조작원,3082968,3082968-1762,2024,제조업,기타각종제조업,재활용 처리 및 소각로 조작원,"사고 경골 상단의 기타 골절, 폐쇄성",재활용 처리 및 소각로 조작원,"경골 상단의 기타 골절, 폐쇄성",,,,,
process,작물재배 종사자,112,기타,fallback,기타 | 농림어업 | 서비스업,작물재배 종사자,3082968,3082968-4375,2023,기타,작물생산업,작물재배 종사자,"사고 등쪽 경사를 동반한 요골하단의 골절, 폐쇄성",작물재배 종사자,"등쪽 경사를 동반한 요골하단의 골절, 폐쇄성",,,,,
process,기타 이미용.예식 및 의료보조 서비스 종사자,110,기타,fallback,서비스업 | 기타 | 제조업,기타 이미용.예식 및 의료보조 서비스 종사자,3082968,3082968-319,2023,기타,임대업,기타 이미용.예식 및 의료보조 서비스 종사자,"사고 기타 발가락의 골절, 폐쇄성",기타 이미용.예식 및 의료보조 서비스 종사자,"기타 발가락의 골절, 폐쇄성",,,,,
process,냉.난방 관련 설비 조작원,107,기타,fallback,건설업 | 서비스업 | 제조업,냉.난방 관련 설비 조작원,3082968,3082968-927,2023,건설업,건축건설공사,냉.난방 관련 설비 조작원,"사고 종골의 골절, 폐쇄성",냉.난방 관련 설비 조작원,"종골의 골절, 폐쇄성",,,,,
process,정보통신관련 관리자,103,기타,fallback,기타 | 서비스업 | 건설업,정보통신관련 관리자,3082968,3082968-483,2023,서비스업,사업서비스업,정보통신관련 관리자,"출퇴근 기타 발가락의 골절, 폐쇄성",정보통신관련 관리자,"기타 발가락의 골절, 폐쇄성",,,,,
process,매니저 및 기타 문화.예술관련 종사자,92,기타,fallback,기타 | 서비스업 | 제조업,매니저 및 기타 문화.예술관련 종사자,3082968,3082968-933,2023,기타,오락/문화및운동관련사업,매니저 및 기타 문화.예술관련 종사자,"사고 척골 주두돌기의 골절, 폐쇄성",매니저 및 기타 문화.예술관련 종사자,"척골 주두돌기의 골절, 폐쇄성",,,,,
process,섬유 및 가죽 관련 기능 종사자,89,기타,fallback,제조업 | 기타 | 서비스업,섬유 및 가죽 관련 기능 종사자,3082968,3082968-2380,2024,제조업,의복및장신구등의제조업,섬유 및 가죽 관련 기능 종사자,"사고 요골 하단의 상세불명 골절, 폐쇄성",섬유 및 가죽 관련 기능 종사자,"요골 하단의 상세불명 골절, 폐쇄성",,,,,
process,벌목·조재 작업,88,기타,fallback,농림어업 | 기타 | 서비스업,,15140383,sif_manufacturing-155,2023,제조업,화학및고무제품제조업,,"『벌도목이 의도하지 않은 방향으로 쓰러지거나, 주변 장애물에 걸려 작업자 방향으로 쓰러짐』 으로 인한 사고위험",벌목·조재 작업,"『벌도목이 의도하지 않은 방향으로 쓰러지거나, 주변 장애물에 걸려 작업자 방향으로 쓰러짐』 으로 인한 사고위험 나무(벌도목)",2023년 12월경 OO부지에서 재해자가 벌목작업 중 기계톱으로 벌도목을 벌채하던 중 벌도목이 넘어가며 벌도목에 맞아 사망,▶ 벌목작업 시 수구 각도 확인 및 안전 작업 실시,,,
process,"지붕, 천장 등 위에서 작업",88,기타,fallback,제조업 | 서비스업 | 기타,,15140383,sif_manufacturing-7,2017,제조업,화학및고무제품제조업,,『밟고 있던 구조물(또는 자재) 등의 파손·탈락 등』으로 넘어지거나 떨어짐 위험,"지붕, 천장 등 위에서 작업",『밟고 있던 구조물(또는 자재) 등의 파손·탈락 등』으로 넘어지거나 떨어짐 위험 지붕·대들보(천막),2017년 8월경 OO사업장 생산동 지붕에서 재해자가 노후된 천막을 교체하는 작업 중 아래로 떨어져 사망,"▶ 폭 30cm이상의 발판을 설치하거나 안전방망을 치는 등 추락방지조치 실시 ▶ 개인보호구(안전모, 안전대 등) 지급 및 착용",,,
process,영양사,87,기타,fallback,서비스업 | 기타 | 운수·창고업,영양사,3082968,3082968-2538,2023,서비스업,보건및사회복지사업,영양사,"사고 요골 하단의 상세불명 골절, 폐쇄성",영양사,"요골 하단의 상세불명 골절, 폐쇄성",,,,,
process,문화.예술.디자인 및 영상 관련 관리자,75,기타,fallback,기타 | 서비스업 | 제조업,문화.예술.디자인 및 영상 관련 관리자,3082968,3082968-101,2023,제조업,출판업및음반제조업,문화.예술.디자인 및 영상 관련 관리자,"사고 T11 및 T12 부위의 골절, 폐쇄성",문화.예술.디자인 및 영상 관련 관리자,"T11 및 T12 부위의 골절, 폐쇄성",,,,,
process,건설기계 사용 작업,72,기타,fallback,제조업 | 서비스업 | 기타,,15140383,sif_manufacturing-24,2020,제조업,화학및고무제품제조업,,『차량(하역운반기계 또는 건설기계 포함)작업구역에서 출입통제 미실시』로 근로자(차량포함)가 작업차량 또는 운반하는 화물에 부딪히거나 깔림 또는 주변 구조물과 그 사이에 끼임 위험,건설기계 사용 작업,『차량(하역운반기계 또는 건설기계 포함)작업구역에서 출입통제 미실시』로 근로자(차량포함)가 작업차량 또는 운반하는 화물에 부딪히거나 깔림 또는 주변 구조물과 그 사이에 끼임 위험 굴착기(백호우),2020년 3월경 OO사업장 폐기물 처리공정에서 재해자가 굴삭기 후미에서 폐기물 처리작업을 지켜보는 중 후진하는 굴삭기에 부딪혀 사망,▶ 굴삭기를 작업시에는 근로자가 출입이 불가하도록 작업반경내 출입금지조치 ▶ 무면허자의 운전 금지 ▶ 굴삭기 등 차랑계 건설기계를 이용하여 작업시에는 운행경로 및 작업방법 등이 포함된 안전대책에 대한 작업계획서를 작성,,,
process,연구·교육 및 법률 관련 관리자,70,기타,fallback,기타 | 제조업 | 서비스업,연구·교육 및 법률 관련 관리자,3082968,3082968-523,2024,기타,각급사무소,연구·교육 및 법률 관련 관리자,사고 발목 및 발부위의 인대의 파열,연구·교육 및 법률 관련 관리자,발목 및 발부위의 인대의 파열,,,,,
process,이.미용 및 관련 서비스 종사자,70,기타,fallback,서비스업 | 기타 | 제조업,이.미용 및 관련 서비스 종사자,3082968,3082968-248,2023,서비스업,개인및가사서비스업,이.미용 및 관련 서비스 종사자,"출퇴근 양측 복사 골절, 발목, 폐쇄성",이.미용 및 관련 서비스 종사자,"양측 복사 골절, 발목, 폐쇄성",,,,,
process,매니저 및 기타 문화·예술관련 종사자,66,기타,fallback,기타 | 서비스업 | 제조업,매니저 및 기타 문화·예술관련 종사자,3082968,3082968-304,2023,기타,정보처리및기타컴퓨터운용관련사업,매니저 및 기타 문화·예술관련 종사자,"출퇴근 광대뼈 및 상악골의 기타 골절, 폐쇄성",매니저 및 기타 문화·예술관련 종사자,"광대뼈 및 상악골의 기타 골절, 폐쇄성",,,,,
process,통신 및 방송송출 장비 기사,65,기타,fallback,기타 | 서비스업 | 건설업,통신 및 방송송출 장비 기사,3082968,3082968-7101,2023,기타,통신업,통신 및 방송송출 장비 기사,"사고 아래팔 부위의기타 신근 및 힘줄의 손상, 기타 및 상세불명의 손상",통신 및 방송송출 장비 기사,"아래팔 부위의기타 신근 및 힘줄의 손상, 기타 및 상세불명의 손상",,,,,
process,혼재작업(작업자-작업차량),59,기타,fallback,제조업 | 서비스업 | 운수·창고업,,15140383,sif_manufacturing-13,2016,제조업,화학및고무제품제조업,,근로자와 작업차량 간 『혼재작업 장소에서 근로자 이동과 작업차량(하역운반기계 또는 건설기계 포함) 운행을 통제하지 않은 상태』에서 근로자(차량 포함)가 작업차량에 부딪히거나 깔림 또는 주변 구조물과 작업차량 사이에 끼임 등으로 인한 위험,혼재작업(작업자-작업차량),근로자와 작업차량 간 『혼재작업 장소에서 근로자 이동과 작업차량(하역운반기계 또는 건설기계 포함) 운행을 통제하지 않은 상태』에서 근로자(차량 포함)가 작업차량에 부딪히거나 깔림 또는 주변 구조물과 작업차량 사이에 끼임 등으로 인한 위험 건설기계(로더),2016년 2월경 OO사업장 입출고장에서 재하자가 제품 점검 중 인근에서 작업중이던 로우더의 뒷바퀴에 깔려 사망,▶ 차량계 건설기계를 사용하여 작업을 하는 경우에는 근로자 출입금지 ▶ 차량계 건설기계 작업계획서 작성 및 준수 ▶ 차량계 건설기계 면허 소지 및 교육 이수,,,
process,경찰.소방 및 교도 관련 종사자,57,기타,fallback,기타 | 건설업 | 서비스업,경찰.소방 및 교도 관련 종사자,3082968,3082968-1515,2023,서비스업,사업서비스업,경찰.소방 및 교도 관련 종사자,사고 내측측부인대의 염좌 및 긴장,경찰.소방 및 교도 관련 종사자,내측측부인대의 염좌 및 긴장,,,,,
process,디자이너,57,기타,fallback,서비스업 | 기타 | 제조업,디자이너,3082968,3082968-1144,2023,서비스업,도.소매및소비자용품수리업,디자이너,사고 대퇴의 타박상,디자이너,대퇴의 타박상,,,,,
process,화가.사진가 및 공연예술가,57,기타,fallback,기타 | 서비스업 | 제조업,화가.사진가 및 공연예술가,3082968,3082968-440,2023,기타,오락/문화및운동관련사업,화가.사진가 및 공연예술가,질병 아킬레스 힘줄염,화가.사진가 및 공연예술가,아킬레스 힘줄염,,,,,
process,"피트, 맨홀, 오·폐수 처리시설 등 밀폐된 장소에서 작업",55,기타,fallback,제조업 | 서비스업 | 기타,,15140383,sif_manufacturing-129,2019,제조업,화학및고무제품제조업,,『산소·유해가스 농도 미측정 및 송풍기를 이용한 강제환기 미실시』로 질식·중독 위험,"피트, 맨홀, 오·폐수 처리시설 등 밀폐된 장소에서 작업",『산소·유해가스 농도 미측정 및 송풍기를 이용한 강제환기 미실시』로 질식·중독 위험 유해가스,2019년 12월경 OO사업장 분리막 제조공정에서 재해자가 원재료 저장 탱크 내부에서 청소 작업 중 내부에 체류중인 가스에 중독되어 사망,▶ 펌프 에어 빼기 벨트의 구조적 문제 해결 ▶ 스트레이너 가스켓 설치 및 토크렌치 사용하여 볼트 체결,,,
process,차량 운전 등 작업,51,기타,fallback,서비스업 | 운수·창고업 | 제조업,,15140383,sif_manufacturing-445,2020,제조업,수제품및기타제품제조업,,『적재함에 탑승한 상태로 이동』하여 작업자가 넘어지거나 떨어짐 위험,차량 운전 등 작업,『적재함에 탑승한 상태로 이동』하여 작업자가 넘어지거나 떨어짐 위험 화물운반트럭(카고트럭),"2020년 10월 볏집류가공공장 소속 재해자 2명이 논에서 볏집을 화물자동차 적재함에 싣고 볏집 위에 앉아 다른 논으로 이동하던 중 표면이 고르지 않은 논바닥으로 인해 차량이 기울면서 지면으로 추락(사망1, 부상1)",▶ 화물자동차 적재함에 탑승제한 조치 실시 ▶ 차량 상부작업 시 작업장소 상부에 안전대 걸이설비 설치·사용 ▶ 적재함에 오르내리기 위한 설비 설치·사용,,,
process,화가·사진가 및 공연예술가,50,기타,fallback,기타 | 서비스업,화가·사진가 및 공연예술가,3082968,3082968-481,2023,서비스업,사업서비스업,화가·사진가 및 공연예술가,"사고 요골머리의 골절, 폐쇄성",화가·사진가 및 공연예술가,"요골머리의 골절, 폐쇄성",,,,,
process,어업관련 종사자,48,기타,fallback,서비스업 | 농림어업 | 기타,어업관련 종사자,3082968,3082968-6859,2024,서비스업,도.소매및소비자용품수리업,어업관련 종사자,"사고 제1늑골 이외 단일 늑골의 골절,폐쇄성",어업관련 종사자,"제1늑골 이외 단일 늑골의 골절,폐쇄성",,,,,
process,대학 교수 및 강사,47,기타,fallback,서비스업 | 기타,대학 교수 및 강사,3082968,3082968-1920,2023,서비스업,교육서비스업,대학 교수 및 강사,출퇴근 기타 명시된 추간판 장애,대학 교수 및 강사,기타 명시된 추간판 장애,,,,,
process,문화·예술·디자인 및 영상 관련 관리자,46,기타,fallback,기타 | 서비스업 | 제조업,문화·예술·디자인 및 영상 관련 관리자,3082968,3082968-588,2023,기타,전문디자인업,문화·예술·디자인 및 영상 관련 관리자,사고 머리의 기타 부분의 열린상처,문화·예술·디자인 및 영상 관련 관리자,머리의 기타 부분의 열린상처,,,,,
process,문리.기술 및 예능 강사,45,기타,fallback,서비스업 | 기타,문리.기술 및 예능 강사,3082968,3082968-635,2023,서비스업,교육서비스업,문리.기술 및 예능 강사,"출퇴근 비골의 기타 및 상세불명 부분의 골절, 폐쇄성",문리.기술 및 예능 강사,"비골의 기타 및 상세불명 부분의 골절, 폐쇄성",,,,,
process,기술영업 및 중개 관련종사자,44,기타,fallback,서비스업 | 제조업 | 기타,기술영업 및 중개 관련종사자,3082968,3082968-3520,2024,서비스업,도.소매및소비자용품수리업,기술영업 및 중개 관련종사자,사고 전십자인대의 파열,기술영업 및 중개 관련종사자,전십자인대의 파열,,,,,
process,여행.안내 및 접수 사무원,43,기타,fallback,운수·창고업 | 서비스업 | 기타,여행.안내 및 접수 사무원,3082968,3082968-1471,2024,운수·창고업,항공운수업,여행.안내 및 접수 사무원,사고 발목의 타박상,여행.안내 및 접수 사무원,발목의 타박상,,,,,
process,의료진료 전문가,40,기타,fallback,서비스업 | 기타,의료진료 전문가,3082968,3082968-3847,2022,서비스업,보건및사회복지사업,의료진료 전문가,질병 상세불명 부위의 코로나바이러스 감염,의료진료 전문가,상세불명 부위의 코로나바이러스 감염,,,,,
process,철도 및 전동차 기관사,40,기타,fallback,운수·창고업 | 제조업 | 서비스업,철도 및 전동차 기관사,3082968,3082968-877,2023,운수·창고업,철도.궤도운수업,철도 및 전동차 기관사,질병 외상후 스트레스장애,철도 및 전동차 기관사,외상후 스트레스장애,,,,,
process,상품기획.홍보 및 조사 전문가,38,기타,fallback,서비스업 | 기타 | 제조업,상품기획.홍보 및 조사 전문가,3082968,3082968-314,2023,서비스업,사업서비스업,상품기획.홍보 및 조사 전문가,"사고 요골 하단의 상세불명 골절, 폐쇄성",상품기획.홍보 및 조사 전문가,"요골 하단의 상세불명 골절, 폐쇄성",,,,,
process,상.하수도 처리장치 조작원,37,기타,fallback,건설업 | 전기·가스·환경 | 서비스업,상.하수도 처리장치 조작원,3082968,3082968-923,2023,운수·창고업,운수부대서비스업,상.하수도 처리장치 조작원,"사고 요골 하단의 상세불명 골절, 폐쇄성",상.하수도 처리장치 조작원,"요골 하단의 상세불명 골절, 폐쇄성",,,,,
process,이·미용 및 관련 서비스 종사자,37,기타,fallback,서비스업 | 기타,이·미용 및 관련 서비스 종사자,3082968,3082968-359,2023,서비스업,개인및가사서비스업,이·미용 및 관련 서비스 종사자,사고 발목 및 발부위의 인대의 파열,이·미용 및 관련 서비스 종사자,발목 및 발부위의 인대의 파열,,,,,
process,경찰·소방 및 교도 관련 종사자,36,기타,fallback,기타 | 건설업 | 서비스업,경찰·소방 및 교도 관련 종사자,3082968,3082968-4255,2022,기타,국가및지방자치단체의사업,경찰·소방 및 교도 관련 종사자,"사고 제1늑골을 침범하지 않은 다발골절, 폐쇄성",경찰·소방 및 교도 관련 종사자,"제1늑골을 침범하지 않은 다발골절, 폐쇄성",,,,,
process,고소작업대 사용 작업,35,기타,fallback,제조업 | 서비스업 | 기타,,15140383,sif_manufacturing-258,2020,제조업,전기기계기구·정밀기구·전자제품제조업,,『안전난간이 없거나 설치상태가 불량한 작업대』에서 작업 중 떨어짐 위험,고소작업대 사용 작업,『안전난간이 없거나 설치상태가 불량한 작업대』에서 작업 중 떨어짐 위험 차량탑재형 고소작업대(스카이),2020년 8월 통신기계제조업 소속 재해자가 차량탑재형 고소작업대의 운반구에 올라 무인교통감시장치를 설치하던 중 탑승구 개폐문이 열리면서 지면으로 떨어짐(약 6m),"▶ 고소작업 및 중량물 취급 관한 작업계획서 작성 ▶ 고소작업차 Bucket 탑승후 출입문 도어 잠금 상태 확인 ▶ 개인보호구(안전모, 안전대 등) 지급 및 착용",,,
process,보험 및 금융 관리자,34,기타,fallback,기타 | 서비스업 | 건설업,보험 및 금융 관리자,3082968,3082968-1319,2023,기타,보험및연금업,보험 및 금융 관리자,사고 머리의 기타 명시된 손상,보험 및 금융 관리자,머리의 기타 명시된 손상,,,,,
process,문리·기술 및 예능 강사,31,기타,fallback,서비스업 | 기타,문리·기술 및 예능 강사,3082968,3082968-866,2022,기타,국가및지방자치단체의사업,문리·기술 및 예능 강사,"출퇴근 L1 부위의 골절, 폐쇄성",문리·기술 및 예능 강사,"L1 부위의 골절, 폐쇄성",,,,,
process,혼례 및 장례 종사자,30,기타,fallback,서비스업 | 기타 | 제조업,혼례 및 장례 종사자,3082968,3082968-3773,2023,기타,임대업,혼례 및 장례 종사자,사고 몸통의 2도 화상,혼례 및 장례 종사자,몸통의 2도 화상,,,,,
process,(노무제공)방과후학교 강사,29,기타,fallback,기타 | 서비스업,(노무제공)방과후학교 강사,3082968,3082968-24833,2024,기타,국가및지방자치단체의사업,(노무제공)방과후학교 강사,"사고 기타 손가락의 중지골 골절, 폐쇄성",(노무제공)방과후학교 강사,"기타 손가락의 중지골 골절, 폐쇄성",,,,,
process,컴퓨터 하드웨어 및통신공학 전문가,29,기타,fallback,기타 | 제조업 | 서비스업,컴퓨터 하드웨어 및통신공학 전문가,3082968,3082968-1364,2023,제조업,기타각종제조업,컴퓨터 하드웨어 및통신공학 전문가,"사고 L1 부위의 골절, 폐쇄성",컴퓨터 하드웨어 및통신공학 전문가,"L1 부위의 골절, 폐쇄성",,,,,
process,법률 및 감사 사무 종사자,28,기타,fallback,서비스업 | 기타,법률 및 감사 사무 종사자,3082968,3082968-11047,2024,기타,국가및지방자치단체의사업,법률 및 감사 사무 종사자,"사고 요추의 상세불명 부위의 골절, 폐쇄성",법률 및 감사 사무 종사자,"요추의 상세불명 부위의 골절, 폐쇄성",,,,,
process,냉·난방 관련 설비 조작원,27,기타,fallback,기타 | 서비스업 | 건설업,냉·난방 관련 설비 조작원,3082968,3082968-1433,2023,건설업,기타건설공사,냉·난방 관련 설비 조작원,"사고 L4 부위의 골절, 폐쇄성",냉·난방 관련 설비 조작원,"L4 부위의 골절, 폐쇄성",,,,,
process,기타 이미용·예식 및 의료보조 서비스 종사자,26,기타,fallback,서비스업 | 기타,기타 이미용·예식 및 의료보조 서비스 종사자,3082968,3082968-14269,2023,기타,사진촬영및처리업,기타 이미용·예식 및 의료보조 서비스 종사자,"사고 엄지발가락 골절, 폐쇄성",기타 이미용·예식 및 의료보조 서비스 종사자,"엄지발가락 골절, 폐쇄성",,,,,
process,(특수직종)골프장캐디,25,기타,fallback,기타,(특수직종)골프장캐디,3082968,3082968-10490,2023,기타,골프장및경마장운영업,(특수직종)골프장캐디,질병 상세불명의 신체부위의 표재성 손상,(특수직종)골프장캐디,상세불명의 신체부위의 표재성 손상,,,,,
process,7. 도로 및 포장공사 / 7.2 포설 및 다짐 작업 / 7.2.1 포설 및 다짐,25,기타,fallback,기타,,15140383,sif_construction-2329,2016,기타,7. 도로 및 포장공사,,부딪힘,7. 도로 및 포장공사 / 7.2 포설 및 다짐 작업 / 7.2.1 포설 및 다짐,자재 운반작업 중 후진하던 타이어롤러와 충돌 로울러,"2016년 8월경 ○○현장에서 피재자가 이동식틀비계 부재(수직틀)를 운반 하던 중 후진하던 타이어롤러와 충돌, 협착하여 사망","▶ 건설장비 작업시 충돌위험이 있는 경우 작업반경내 근로자 출입금지 및 유도자 배치 ▶ 건설장비 작업 시 근로자와 장비의 동선을 분리 ▶ 카메라 부착 또는 후방에 근로자의 접근을 알리는 후방센서, 경보장치 등 부착",,,
process,기타 공학 전문가 및 관련종사자,25,기타,fallback,기타 | 제조업 | 건설업,기타 공학 전문가 및 관련종사자,3082968,3082968-5883,2023,건설업,"건축기술,엔지니어링및관련기술서비스업",기타 공학 전문가 및 관련종사자,사고 경부척수의 기타 및 상세불명의 손상,기타 공학 전문가 및 관련종사자,경부척수의 기타 및 상세불명의 손상,,,,,
process,약사 및 한약사,25,기타,fallback,서비스업 | 제조업,약사 및 한약사,3082968,3082968-689,2023,서비스업,보건및사회복지사업,약사 및 한약사,사고 신체표면의 10％ 미만을 침범한 화상,약사 및 한약사,신체표면의 10％ 미만을 침범한 화상,,,,,
process,8. 교량공사 / 8.3 교량 상부공 작업 / 8.3.2 교량 슬래브 및 부대공,24,기타,fallback,기타,,15140383,sif_construction-2369,2016,기타,8. 교량공사,,추락,8. 교량공사 / 8.3 교량 상부공 작업 / 8.3.2 교량 슬래브 및 부대공,교량 방호선반 위에서 해체된 멍에브라켓 등 동바리 자재를 지상으로 운반작업 중 과적재된 자재의 무게로 방호선반이 무너지며 추락 기타 가설구조물,"2016년 05월경 ○○현장에서 교량 상부슬라브 거푸집동바리용 멍에브라켓 등을 운반작업 중, 피재자들이 서있던 STEEL BOX GIRDER 사이의 방호선반(강관파이프+합판)이 무너지며, 지상바닥(H≒16m)으로 떨어져 1명 사망, 1명 부상","▶ 방호선반에 자재 과적재 금지 및 중량물 취급 작업계획서 수립, 준수 ▶ 추락위험이 있는 장소에서 작업 시 안전대 부착설비 설치 및 안전대 착용",,,
process,시운전 또는 성능시험 작업,24,기타,fallback,제조업 | 기타 | 서비스업,,15140383,sif_manufacturing-61,2021,제조업,화학및고무제품제조업,,"『가공(절삭가공 제외) 중 또는 힘을 가하던 중 설비, 가공물, 공구 등의 파손·파단 또는 반동』으로 물체의 비래에 의한 사고 위험",시운전 또는 성능시험 작업,"『가공(절삭가공 제외) 중 또는 힘을 가하던 중 설비, 가공물, 공구 등의 파손·파단 또는 반동』으로 물체의 비래에 의한 사고 위험 생산설비(프레스)",2021년 10월 플라스틱가공공장에서 재해자가 신규 유압프레스를 시운전하기 위해 가동하는 순간 금형에 꽃힌 핀이 압력을 받아 튕겨나오면서 날아오는 핀에 맞음,"▶ 설비 및 금형에 대한 구조검토, 강도계산 실시 후 재질, 규격, 사양등 보완 조치 ▶ 시운전 단계 위험성평가 실시 후 위험요인 제거 ▶ 작업 전 안전점검 실시",,,
process,원료 투입 작업,24,기타,fallback,제조업 | 농림어업 | 서비스업,,15140383,sif_manufacturing-39,2016,제조업,화학및고무제품제조업,,"『설비에 안전장치가 설치되어 있지 않거나, 불량하거나, 설치된 안전장치를 해제한 상태』로 사용 중 사고 위험",원료 투입 작업,"『설비에 안전장치가 설치되어 있지 않거나, 불량하거나, 설치된 안전장치를 해제한 상태』로 사용 중 사고 위험 분쇄·파쇄기",2016년 3월경 OO사업장 스티로폼 파쇄작업 현장에서 재해자가 파쇄기 투입구에 스티로폼을 투입하던 중 회전하는 칼날에 오른팔이 끼여 사망,▶ 스티로폼 투입구에 칼날 접촉 위험방지를 위한 울 설치 ▶ 스티로폼 투입 후 파쇄작업에 사용하는 수공구(나무막대기)사용,,,
process,정보 시스템 운영자,24,기타,fallback,기타 | 서비스업 | 건설업,정보 시스템 운영자,3082968,3082968-1505,2023,기타,정보처리및기타컴퓨터운용관련사업,정보 시스템 운영자,"출퇴근 외측복사의 골절의 골절, 폐쇄성",정보 시스템 운영자,"외측복사의 골절의 골절, 폐쇄성",,,,,
process,(노무제공)신용카드회원모집인,23,기타,fallback,기타 | 운수·창고업 | 서비스업,(노무제공)신용카드회원모집인,3082968,3082968-1084,2024,운수·창고업,운수부대서비스업,(노무제공)신용카드회원모집인,"사고 외측복사의 골절의 골절, 폐쇄성",(노무제공)신용카드회원모집인,"외측복사의 골절의 골절, 폐쇄성",,,,,
process,발전 및 배전 장치 조작원,22,기타,fallback,전기·가스·환경 | 건설업 | 기타,발전 및 배전 장치 조작원,3082968,3082968-5192,2020,전기·가스·환경,전기업,발전 및 배전 장치 조작원,질병 양쪽 감각신경성 청력소실,발전 및 배전 장치 조작원,양쪽 감각신경성 청력소실,,,,,
process,작가.기자 및 출판 전문가,22,기타,fallback,기타 | 제조업 | 서비스업,작가.기자 및 출판 전문가,3082968,3082968-58,2023,기타,신문업,작가.기자 및 출판 전문가,"사고 L1 부위의 골절, 폐쇄성",작가.기자 및 출판 전문가,"L1 부위의 골절, 폐쇄성",,,,,
process,큐레이터.사서 및 기록물관리사,22,기타,fallback,기타 | 서비스업,큐레이터.사서 및 기록물관리사,3082968,3082968-1476,2022,기타,오락/문화및운동관련사업,큐레이터.사서 및 기록물관리사,"사고 외측복사의 골절의 골절, 폐쇄성",큐레이터.사서 및 기록물관리사,"외측복사의 골절의 골절, 폐쇄성",,,,,
process,10. 하천 및 항만공사 / 10.1 하천 및 항만공사 / 10.1.1 하천 및 항만공사,20,기타,fallback,기타,,15140383,sif_construction-2430,2016,기타,10. 하천 및 항만공사,,부딪힘,10. 하천 및 항만공사 / 10.1 하천 및 항만공사 / 10.1.1 하천 및 항만공사,제방 돌망태석 운반을 위해 후진하던 덤프트럭에 충돌 트럭류,2016년 7월경 ○○현장에서 제방 돌망태 조립작업 중 돌망태석을 운반하기 위해 후진하던 덤프트럭과 충돌하여 사망,"▶ 건설장비 작업시 충돌위험이 있는 경우 작업반경내 근로자 출입금지 및 유도자 배치 ▶ 건설장비 작업 시 근로자와 장비의 동선을 분리 ▶ 카메라 부착 또는 후방에 근로자의 접근을 알리는 후방센서, 경보장치 등 부착",,,
process,"10. 하천 및 항만공사 / 10.2 수중, 해상공사 / 10.2.1 수중, 해상공사(잠수, 해상작업 등)",19,기타,fallback,기타,,15140383,sif_construction-2450,2016,기타,10. 하천 및 항만공사,,익사,"10. 하천 및 항만공사 / 10.2 수중, 해상공사 / 10.2.1 수중, 해상공사(잠수, 해상작업 등)",수중 작업을 하던 중 보호구의 이상 등 이상징후 발생으로 의식을 잃음 물,2016년 03월경 ○○현장에서 잠수보조공인 피재자가 잠수자격 취득을 위한 연습 목적으로 잠수부가 벗어둔 잠수 슈트를 입고 잠수 중 사망,▶ 수중 작업자 비상 연락용구 지급 ▶ 작업 전 잠수기구 송기관(공기호스) 연결부 점검을 통한 이상유무 확인 ▶ 잠수 작업 시 작업자와의 연락을 담당하는 감시자 배치를 통한 안전방호조치 실시,,,
process,"13. 기타 건설공사 / 13.1 안전가시설 작업 / 13.1.10. 안전가시설(휀스, 안전난간)",19,기타,fallback,건설업,,15140383,sif_construction-2926,2016,건설업,13. 기타 건설공사,,추락,"13. 기타 건설공사 / 13.1 안전가시설 작업 / 13.1.10. 안전가시설(휀스, 안전난간)",냉각탑 상부 점검용 발판 핸드레일 설치 작업 중 몸의 중심을 잃고 작업발판 단부로 추락 기타 개구부,2016년 4월경 ○○현장에서 냉각탑 상부 점검용 발판 핸드레일 설치 작업 중 재해자가 몸의 중심을 잃고 작업발판 단부로 추락하여 사망,▶ 작업발판의 단부와 같이 근로자가 떨어질 위험이 있는 장소에는 안전난간 및 안전방망 설치 ▶ 안전난간 및 안전방망 설치가 곤란한 경우 안전대의 부착설비 설치 ▶ 근로자에게 안전대를 착용하도록 하는 등 떨어짐 방지조치 실시,,,
process,조경·제초 작업,19,기타,fallback,서비스업 | 기타 | 농림어업,,15140383,sif_manufacturing-197,2021,제조업,화학및고무제품제조업,,『이동식 크레인에 작업대를 장착하는 등 불법 구조변경』하여 사용하다가 작업대가 이탈되면서 발생하는 사고 위험,조경·제초 작업,『이동식 크레인에 작업대를 장착하는 등 불법 구조변경』하여 사용하다가 작업대가 이탈되면서 발생하는 사고 위험 크레인(이동식크레인/카고크레인),2021년 7월 화학제품공장에서 재해자가 이동식 크레인에 부착된 탑승설비에 탑승하여 소나무 상부에 올라 나뭇가지를 밟고 전지 작업 중 지면으로 떨어짐(약 8m),▶ 이동식 크레인 근로자 탑승 제한 및 적법한 고소작업대 사용 ▶ 안전난간 등 방호조치 설치 (또는 안전대나 구명줄 올바르게 부착 착용),,,
process,화물열차 차장 및 관련 종사원,19,기타,fallback,운수·창고업 | 기타 | 제조업,화물열차 차장 및 관련 종사원,3082968,3082968-926,2024,운수·창고업,철도.궤도운수업,화물열차 차장 및 관련 종사원,사고 발목 및 발부위의 인대의 파열,화물열차 차장 및 관련 종사원,발목 및 발부위의 인대의 파열,,,,,
process,13. 기타 건설공사 / 13.1 안전가시설 작업 / 13.1.8 안전가시설(낙하물방지망),18,기타,fallback,건설업,,15140383,sif_construction-3054,2016,건설업,13. 기타 건설공사,,추락,13. 기타 건설공사 / 13.1 안전가시설 작업 / 13.1.8 안전가시설(낙하물방지망),교량 낙하물 방지공 위에서 해체 작업 중 강교에 느슨하게 체결된 클램프가 체결이 풀리면서 이탈하여 바닥으로 추락 줄걸이 기구,2016년 1월경 ○○현장에서 비계공 2명이 교량 낙하물 방지공 위에서 해체 작업 중 강교에 느슨하게 체결된 클램프가 체결이 풀리면서 이탈하여 바닥으로 추락하여 부상,"▶ 낙하물방지공 설치 해체 작업시 추락위험이 없도록 고소작업대 또는 교량 특수작업대 등 장비 사용 ▶ 추락 위험이 있는 작업 시, 안전대 부착설비, 추락방호망 등 안전방호조치 실시 ▶ 안전대 등 개인보호구 착용철저",,,
process,자동화설비(산업용로봇 포함) 작업,18,기타,fallback,제조업 | 서비스업 | 기타,,15140383,sif_manufacturing-262,2016,제조업,전기기계기구·정밀기구·전자제품제조업,,"『설비에 안전장치가 설치되어 있지 않거나, 불량하거나, 설치된 안전장치를 해제한 상태』로 사용 중 사고 위험",자동화설비(산업용로봇 포함) 작업,"『설비에 안전장치가 설치되어 있지 않거나, 불량하거나, 설치된 안전장치를 해제한 상태』로 사용 중 사고 위험 생산설비(와인더/권취기)",2016년 4월 케이블 제조공장에서 재해자가 전선을 감는 권취기의 드럼과 감기는 전선 사이에 다리가 말림,"▶ 회전체(회전축, 목 드럼) 접촉방지를 위한 방책, 울 등 설치 ▶ 권취기 조작판넬의 위치를 방책 외부로 이전 설치",,,
process,항공기.선박 기관사 및 관제사,18,기타,fallback,운수·창고업 | 건설업 | 제조업,항공기.선박 기관사 및 관제사,3082968,3082968-15263,2024,운수·창고업,항공운수업,항공기.선박 기관사 및 관제사,사고 발의 기타 및 상세불명 부분의 염좌 및 긴장,항공기.선박 기관사 및 관제사,발의 기타 및 상세불명 부분의 염좌 및 긴장,,,,,
process,7. 도로 및 포장공사 / 7.1 포장 작업 / 7.1.1 포장 장비 반입,17,기타,fallback,기타,,15140383,sif_construction-2296,2016,기타,7. 도로 및 포장공사,,부딪힘,7. 도로 및 포장공사 / 7.1 포장 작업 / 7.1.1 포장 장비 반입,도로 포장작업에서 후진하던 덤프트럭과 충돌 트럭류,"2016년 4월경 ○○현장에서 광폭저마찰로 아스콘 포장작업 2번 구간에서 작업대기 중이던 덤프트럭이 포장작업 1번 구간으로 이동하기 위해 후진하던 중, 덤프트럭 운행구간에 서있던 피재자와 충돌, 사망","▶ 건설장비 작업시 충돌위험이 있는 경우 작업반경내 근로자 출입금지 및 유도자 배치 ▶ 건설장비 작업 시 근로자와 장비의 동선을 분리 ▶ 카메라 부착 또는 후방에 근로자의 접근을 알리는 후방센서, 경보장치 등 부착",,,
process,종교관련 종사자,17,기타,fallback,기타 | 제조업 | 서비스업,종교관련 종사자,3082968,3082968-11531,2023,기타,각급사무소,종교관련 종사자,"사고 상완골 대거친면의 골절, 폐쇄성",종교관련 종사자,"상완골 대거친면의 골절, 폐쇄성",,,,,
process,7. 도로 및 포장공사 / 7.1 포장 작업 / 7.1.2 포장 시공,16,기타,fallback,기타,,15140383,sif_construction-2313,2017,기타,7. 도로 및 포장공사,,깔림,7. 도로 및 포장공사 / 7.1 포장 작업 / 7.1.2 포장 시공,도로 재포장 현장에서 후진하던 덤프트럭에 깔림 트럭류,2017년 12월경 ○○현장에서 피재자가 기존 아스팔트 도로 절삭·재포장 작업 과정에서 기존 아스팔트 절삭량 확인을 위한 레벨측량 작업 중 후진하는 덤프트럭(Dump Truck)의 후륜(보조석 방면)에 깔려 사망,"▶ 건설장비 작업 시 근로자와 장비의 동선을 분리 ▶ 건설장비 작업시 충돌위험이 있는 경우 작업반경내 근로자 출입금지 및 유도자 배치 ▶ 카메라 부착 또는 후방에 근로자의 접근을 알리는 후방센서, 경보장치 등 부착",,,
process,방문.노점 및 통신 판매 관련 종사자,16,기타,fallback,서비스업 | 기타 | 운수·창고업,방문.노점 및 통신 판매 관련 종사자,3082968,3082968-5585,2023,서비스업,도.소매및소비자용품수리업,방문.노점 및 통신 판매 관련 종사자,출퇴근 열린 두개내상처가 없는 진탕,방문.노점 및 통신 판매 관련 종사자,열린 두개내상처가 없는 진탕,,,,,
process,상품 대여 종사자,16,기타,fallback,서비스업 | 기타 | 운수·창고업,상품 대여 종사자,3082968,3082968-20163,2023,운수·창고업,각종운수부대사업,상품 대여 종사자,사고 손목 및 손의 기타 부분의 열린상처,상품 대여 종사자,손목 및 손의 기타 부분의 열린상처,,,,,
process,상품기획·홍보 및 조사 전문가,16,기타,fallback,기타 | 서비스업,상품기획·홍보 및 조사 전문가,3082968,3082968-14229,2024,기타,광고업,상품기획·홍보 및 조사 전문가,"출퇴근 외측복사의 골절의 골절, 폐쇄성",상품기획·홍보 및 조사 전문가,"외측복사의 골절의 골절, 폐쇄성",,,,,
process,연극.영화 및 영상 전문가,16,기타,fallback,기타 | 서비스업,연극.영화 및 영상 전문가,3082968,3082968-547,2023,서비스업,사업서비스업,연극.영화 및 영상 전문가,"사고 중족골의 골절, 폐쇄성",연극.영화 및 영상 전문가,"중족골의 골절, 폐쇄성",,,,,
process,채석장에서의 작업,16,기타,fallback,제조업,,15140383,sif_manufacturing-1180,2021,제조업,기계기구·금속·비금속광물제품제조업,,"『사면 등에 붙어있던 암석(부석이나 전석)이 풍화 침식, 발파 진동 등에 의해 떨어지면서 굴러와』 맞음·깔림 위험",채석장에서의 작업,"『사면 등에 붙어있던 암석(부석이나 전석)이 풍화 침식, 발파 진동 등에 의해 떨어지면서 굴러와』 맞음·깔림 위험 암석",2021년 6월경 OO사업장 야적장에서 재해자가 차광막 설치 작업 중 상부에서 굴러 떨어진 대형 석재에 끼어 사망,▶ 적재·석재가 낙하붕괴되지 않도록 안전조치 실시 ▶ 중량물 취급 작업계획서 작성 및 작업지휘자 배치,,,
process,금융 및 보험 전문가,15,기타,fallback,기타 | 서비스업,금융 및 보험 전문가,3082968,3082968-3078,2024,기타,금융업,금융 및 보험 전문가,사고 손목 및 수근골 인대의 외상성 파열,금융 및 보험 전문가,손목 및 수근골 인대의 외상성 파열,,,,,
process,그라인더 등 공구 사용 작업,14,기타,fallback,제조업 | 기타 | 서비스업,,15140383,sif_manufacturing-25,2020,제조업,화학및고무제품제조업,,절삭가공 중 『튕겨나온 가공날 또는 가공물(칩 등)』 등 비래로 인한 사고 위험,그라인더 등 공구 사용 작업,절삭가공 중 『튕겨나온 가공날 또는 가공물(칩 등)』 등 비래로 인한 사고 위험 분류 불가,2020년 11월경 OO사업장 화약 제품 제조공정에서 재해자가 연삭 작업 중 반동으로 튀어나온 자재에 맞아 사망,"▶ 근로자 배치 및 교육 실시 ▶ 작업방법, 방호장치 등 필요한 사항을 미리 확인한 후 필요한 조치 실시",,,
process,상·하수도 처리장치 조작원,14,기타,fallback,전기·가스·환경 | 건설업 | 서비스업,상·하수도 처리장치 조작원,3082968,3082968-2576,2023,서비스업,위생및유사서비스업,상·하수도 처리장치 조작원,질병 황화수소의 독성효과,상·하수도 처리장치 조작원,황화수소의 독성효과,,,,,
process,작가·기자 및 출판 전문가,14,기타,fallback,기타 | 제조업 | 서비스업,작가·기자 및 출판 전문가,3082968,3082968-15183,2023,기타,오락/문화및운동관련사업,작가·기자 및 출판 전문가,질병 급성 심근경색증,작가·기자 및 출판 전문가,급성 심근경색증,,,,,
process,"(특수직종)[손보,대리점,우체국]보험설계사",12,기타,fallback,기타 | 서비스업,"(특수직종)[손보,대리점,우체국]보험설계사",3082968,3082968-6826,2023,기타,보험및연금업,"(특수직종)[손보,대리점,우체국]보험설계사","사고 제1늑골 이외 단일 늑골의 골절,폐쇄성","(특수직종)[손보,대리점,우체국]보험설계사","제1늑골 이외 단일 늑골의 골절,폐쇄성",,,,,
process,공예 및 귀금속 세공원,12,기타,fallback,제조업 | 서비스업 | 기타,공예 및 귀금속 세공원,3082968,3082968-543,2023,서비스업,도.소매및소비자용품수리업,공예 및 귀금속 세공원,사고 손톱의 손상이 없는 손가락의 열린 상처,공예 및 귀금속 세공원,손톱의 손상이 없는 손가락의 열린 상처,,,,,
process,기업고위임원,12,기타,fallback,건설업 | 서비스업 | 기타,기업고위임원,3082968,3082968-9815,2023,서비스업,도.소매및소비자용품수리업,기업고위임원,사고 상세불명의 사지마비,기업고위임원,상세불명의 사지마비,,,,,
process,법률 전문가,12,기타,fallback,서비스업 | 기타,법률 전문가,3082968,3082968-550,2023,서비스업,도.소매및소비자용품수리업,법률 전문가,출퇴근 발목 및 발부위의 인대의 파열,법률 전문가,발목 및 발부위의 인대의 파열,,,,,
process,의회의원.고위공무원 및 공공단체임원,12,기타,fallback,기타 | 건설업 | 제조업,의회의원.고위공무원 및 공공단체임원,3082968,3082968-18564,2023,기타,국가및지방자치단체의사업,의회의원.고위공무원 및 공공단체임원,"사고 쇄골 몸통의 골절, 폐쇄성",의회의원.고위공무원 및 공공단체임원,"쇄골 몸통의 골절, 폐쇄성",,,,,
process,항공기·선박 기관사 및 관제사,12,기타,fallback,운수·창고업 | 건설업 | 서비스업,항공기·선박 기관사 및 관제사,3082968,3082968-1240,2023,운수·창고업,항공운수업,항공기·선박 기관사 및 관제사,사고 익사 및 비치명적 익수,항공기·선박 기관사 및 관제사,익사 및 비치명적 익수,,,,,
process,9. 터널공사 / 9.5 궤도 부설 등 기타 작업 / 9.5.1 궤도부설 등 기타 작업,11,기타,fallback,기타,,15140383,sif_construction-2415,2015,기타,9. 터널공사,,붕괴,9. 터널공사 / 9.5 궤도 부설 등 기타 작업 / 9.5.1 궤도부설 등 기타 작업,"수직구와 본선터널을 연결하는 풍도 PC 슬래브 하부 동바리를 해체 하던 중, 콘크리트 양생기간을 준수하지 않은 상부의 PC 슬래브가 붕괴되면서 깔림 동바리","2015년 12월경 ○○현장에서 수직구와 본선터널을 연결하는 횡갱 터널의 풍도 PC 슬래브 하부 동바리를 해체 하던 중, 상부의 PC 슬래브가 붕괴되면서 매몰되어 1명 사망, 1명 부상",▶ 동바리 해체 작업 시 슬래브 붕괴를 예방하기 위해 잭 서포트 설치 등 구조 보강 후 작업진행 ▶ 동바리 해체 작업 시 슬라브의 구조 등과 같은 정보를 사전에 검토하여 적절한 작업방식을 수립 후 작업진행,,,
process,용해로 사용 작업,11,기타,fallback,제조업,,15140383,sif_manufacturing-519,2023,제조업,수제품및기타제품제조업,,"『용해로 등에 물이 묻은 재료를 투입, 냉각수의 누출』등으로 인해 수증기 폭발에 의한 사고 위험",용해로 사용 작업,"『용해로 등에 물이 묻은 재료를 투입, 냉각수의 누출』등으로 인해 수증기 폭발에 의한 사고 위험 생산설비(용해로/전기로)","2023년 5월경 OO공장 신규 설치한 고주파 유도 전기로에서 재해자가 알루미늄 스크랩 용해작업 중 전기로가 폭발하여 재해자가 전신 화상, 안면부 화상을 입어 사망",▶ 재료 투입 시 브리징(Bridging) 방지 대책 수립 및 이행 철저 ▶ 화상 등의 위험을 방지하기 위한 보호구 지급 및 착용 ▶ 고소작업대를 화물자동차를 통해 이송 시 적정한 상하차 발판 사용,,,
process,"(특수직종)[생보,(농협2012.03.02폐지)]보험설계사",10,기타,fallback,기타 | 서비스업,"(특수직종)[생보,(농협2012.03.02폐지)]보험설계사",3082968,3082968-795,2021,기타,보험및연금업,"(특수직종)[생보,(농협2012.03.02폐지)]보험설계사","사고 중족골의 골절, 폐쇄성","(특수직종)[생보,(농협2012.03.02폐지)]보험설계사","중족골의 골절, 폐쇄성",,,,,
process,생명 및 자연 과학 관련전문가,10,기타,fallback,기타 | 제조업 | 서비스업,생명 및 자연 과학 관련전문가,3082968,3082968-24731,2024,제조업,의료기계기구제조업,생명 및 자연 과학 관련전문가,사고 손목 및 손의 상세불명 부분의 열린상처,생명 및 자연 과학 관련전문가,손목 및 손의 상세불명 부분의 열린상처,,,,,
process,연극·영화 및 영상 전문가,10,기타,fallback,기타 | 서비스업,연극·영화 및 영상 전문가,3082968,3082968-14350,2024,기타,광고업,연극·영화 및 영상 전문가,사고 늑골의 염좌 및 긴장,연극·영화 및 영상 전문가,늑골의 염좌 및 긴장,,,,,
process,통계관련 사무원,10,기타,fallback,기타,통계관련 사무원,3082968,3082968-17978,2024,기타,국가및지방자치단체의사업,통계관련 사무원,"사고 무릎뼈의 골절, 폐쇄성",통계관련 사무원,"무릎뼈의 골절, 폐쇄성",,,,,
process,(노무제공)소프트웨어기술자,9,기타,fallback,기타,(노무제공)소프트웨어기술자,3082968,3082968-44214,2024,기타,정보처리및기타컴퓨터운용관련사업,(노무제공)소프트웨어기술자,"출퇴근 외측복사의 골절의 골절, 폐쇄성",(노무제공)소프트웨어기술자,"외측복사의 골절의 골절, 폐쇄성",,,,,
process,의회의원·고위공무원 및 공공단체임원,9,기타,fallback,기타 | 건설업 | 서비스업,의회의원·고위공무원 및 공공단체임원,3082968,3082968-9275,2023,기타,국가및지방자치단체의사업,의회의원·고위공무원 및 공공단체임원,사고 머리의 기타 부분의 열린상처,의회의원·고위공무원 및 공공단체임원,머리의 기타 부분의 열린상처,,,,,
process,여행·안내 및 접수 사무원,8,기타,fallback,서비스업 | 운수·창고업 | 기타,여행·안내 및 접수 사무원,3082968,3082968-204,2023,서비스업,사업서비스업,여행·안내 및 접수 사무원,"사고 손가락뼈의 상세불명 부분의 골절, 폐쇄성",여행·안내 및 접수 사무원,"손가락뼈의 상세불명 부분의 골절, 폐쇄성",,,,,
process,인사 및 경영 전문가,8,기타,fallback,서비스업 | 제조업,인사 및 경영 전문가,3082968,3082968-32317,2024,서비스업,사업서비스업,인사 및 경영 전문가,"출퇴근 중족골의 골절, 폐쇄성",인사 및 경영 전문가,"중족골의 골절, 폐쇄성",,,,,
process,(노무제공)유치원 정기과정 강사,7,기타,fallback,서비스업 | 기타,(노무제공)유치원 정기과정 강사,3082968,3082968-20070,2024,서비스업,교육서비스업,(노무제공)유치원 정기과정 강사,"출퇴근 비골의 골절, 폐쇄성",(노무제공)유치원 정기과정 강사,"비골의 골절, 폐쇄성",,,,,
process,잠수 작업,7,기타,fallback,농림어업 | 서비스업 | 운수·창고업,,15140383,sif_manufacturing-1742,2017,운수·창고업,철도·항공·창고·운수관련서비스업,,"『주변의 구조물, 배수구 등』 으로 인해 수면 위로 부상하지 못하고 익사할 위험",잠수 작업,"『주변의 구조물, 배수구 등』 으로 인해 수면 위로 부상하지 못하고 익사할 위험 분류 불가",2017년 6월경 여객선터미널에서 재해자가 정박 중인 선박의 스큐류에 끼인 모자반 및 폐기물 제거를 위해 수중작업을 완료하고 부상하던 중 모자반에 잠수용 공기호스가 걸려 잠수마스크에서 분리되어 수면으로 올라오지 못하고 사망,▶ 잠수작업 필수 휴대품 지급(신호밧줄 및 예리한 칼 등) ▶ 지정 감시인 배치 ▶ 잠수 전 잠수기구 점검 및 전면마스크 또는 잠수헬멧 등 착용 철저 관리,,,
process,행정 전문가,7,기타,fallback,서비스업 | 기타 | 건설업,행정 전문가,3082968,3082968-14180,2024,서비스업,법무회계관련서비스업,행정 전문가,"출퇴근 기타 중수골의 상세불명 부분의 골절, 폐쇄성",행정 전문가,"기타 중수골의 상세불명 부분의 골절, 폐쇄성",,,,,
process,(노무제공)관광통역안내사,6,기타,fallback,운수·창고업 | 서비스업,(노무제공)관광통역안내사,3082968,3082968-8727,2024,운수·창고업,운수부대서비스업,(노무제공)관광통역안내사,"사고 미추의 골절, 폐쇄성",(노무제공)관광통역안내사,"미추의 골절, 폐쇄성",,,,,
process,13. 기타 건설공사 / 13.3 가설플랜트 작업 / 13.3.1 가설플랜트(크라샤 Plant 등),6,기타,fallback,건설업,,15140383,sif_construction-3085,2016,건설업,13. 기타 건설공사,,부딪힘,13. 기타 건설공사 / 13.3 가설플랜트 작업 / 13.3.1 가설플랜트(크라샤 Plant 등),크라샤의 벨트컨베이어 상부에서 동력전달부 윤활유 주입 작업 중 갑작스런 벨트컨베이어 가동으로 몸의 중심을 잃고 쓰러지면서 자석(magnet)에 부딪힘 기타 건설장비,2016년 4월경 ○○현장에서 크라샤의 벨트컨베이어 상부에서 동력전달부 윤활유 주입 작업 중 갑작스런 벨트컨베이어 가동으로 몸의 중심을 잃고 쓰러지면서 자석(magnet)에 부딪혀 사망,▶ 크라샤 동력전달부 윤활유 주입작업 시 컨베이어 정지 ▶ 운전을 정지한 경우 운전하는 것을 방지하기 위해 크라샤 벨트 컨베이어의 기동장치에 잠금장치 설치,,,
process,"학생연구자(석사과정,학·석사통합과정)",6,기타,fallback,서비스업,"학생연구자(석사과정,학·석사통합과정)",3082968,3082968-9061,2023,서비스업,교육서비스업,"학생연구자(석사과정,학·석사통합과정)",사고 요추의 염좌 및 긴장,"학생연구자(석사과정,학·석사통합과정)",요추의 염좌 및 긴장,,,,,
process,(노무제공)보험모집인(우체국),5,기타,fallback,기타,(노무제공)보험모집인(우체국),3082968,3082968-5866,2023,기타,국가및지방자치단체의사업,(노무제공)보험모집인(우체국),"사고 T11 및 T12 부위의 골절, 폐쇄성",(노무제공)보험모집인(우체국),"T11 및 T12 부위의 골절, 폐쇄성",,,,,
process,13. 기타 건설공사 / 13.1 안전가시설 작업 / 13.1.6 안전가시설(추락방지망),5,기타,fallback,건설업,,15140383,sif_construction-3046,2016,건설업,13. 기타 건설공사,,추락,13. 기타 건설공사 / 13.1 안전가시설 작업 / 13.1.6 안전가시설(추락방지망),낙하물 방지망 설치 해체작업 중 방망 지지용 사다리를 고정하던 와이어로프가 풀리면서 추락 방망,2016년 4월경 ○○현장에서 낙하물방지망을 해체하는 작업 중 낙하물방지망 지지용 사다리를 고정하던 와이어로프가 풀리면서 떨어져 (H≒7.4m)사망,"▶ 추락 위험이 있는 작업 시, 안전대 부착설비, 추락방호망 등 안전방호조치 실시 ▶ 작업 전 안전보호구(안전대) 지급 및 체결상태 관리 ▶ 낙하물방지망 해체 작업 시 상부로부터 하부로 순차적으로 해체하는 식의 작업방식 준수",,,
process,방문·노점 및 통신 판매 관련 종사자,5,기타,fallback,서비스업 | 기타,방문·노점 및 통신 판매 관련 종사자,3082968,3082968-42810,2024,서비스업,도.소매및소비자용품수리업,방문·노점 및 통신 판매 관련 종사자,"사고 L1 부위의 골절, 폐쇄성",방문·노점 및 통신 판매 관련 종사자,"L1 부위의 골절, 폐쇄성",,,,,
process,인문 및 사회 과학 전문가,5,기타,fallback,기타 | 서비스업,인문 및 사회 과학 전문가,3082968,3082968-87943,2024,서비스업,교육서비스업,인문 및 사회 과학 전문가,사고 눈꺼풀 및 눈주위의 열린상처,인문 및 사회 과학 전문가,눈꺼풀 및 눈주위의 열린상처,,,,,
process,큐레이터·사서 및 기록물관리사,5,기타,fallback,기타,큐레이터·사서 및 기록물관리사,3082968,3082968-35488,2024,기타,국가및지방자치단체의사업,큐레이터·사서 및 기록물관리사,출퇴근 내측반달연골의 찢김,큐레이터·사서 및 기록물관리사,내측반달연골의 찢김,,,,,
process,"학생연구자(박사과정,석·박사통합과정)",5,기타,fallback,서비스업 | 기타,"학생연구자(박사과정,석·박사통합과정)",3082968,3082968-11340,2023,기타,연구및개발사업,"학생연구자(박사과정,석·박사통합과정)",사고 손톱의 손상이 있는 손가락의 열린 상처,"학생연구자(박사과정,석·박사통합과정)",손톱의 손상이 있는 손가락의 열린 상처,,,,,
process,(노무제공)어린이집 정기과정 강사,4,기타,fallback,서비스업,(노무제공)어린이집 정기과정 강사,3082968,3082968-56686,2024,서비스업,교육서비스업,(노무제공)어린이집 정기과정 강사,"출퇴근 중족골의 골절, 폐쇄성",(노무제공)어린이집 정기과정 강사,"중족골의 골절, 폐쇄성",,,,,
process,9. 터널공사 / 9.2 수직구 및 갱구부 작업 / 9.2.1 수직구 작업,4,기타,fallback,기타,,15140383,sif_construction-2402,2022,기타,9. 터널공사,,부딪힘,9. 터널공사 / 9.2 수직구 및 갱구부 작업 / 9.2.1 수직구 작업,"지하철 건설공사 현장에서 수직구로 전력케이블을 인입하는 작업 중, 수직구에 인입된 케이블 자중에 의하여 고정된 케이블드럼이 끌려가면서 근로자와 충돌 기타 자재(내부마감재,시멘트,마대)","2022년 3월경 피재자가 수직구로 전력케이블을 인입하던 중, 수직구 전선관에 인입된 케이블 자중에 의하여 고정된 케이블드럼이 끌려가면서 피재자와 충돌하여 사망","▶ 중량물(케이블 및 케이블드럼) 취급 작업 시 케이블 자중에 의해 인입되지 않도록 하는 작업방법, 순서 등이 포함된 작업계획서를 작성하고, 그 계획에 따라 작업을 하도록 지도·감독 실시 ▶ 케이블드럼이 넘어지는 것을 방지하기 위해 지지력이 확보될 수 있는 고정 조치 실시",,,
process,9. 터널공사 / 9.6 특수터널 작업 / 9.6.1 특수터널(TBM공법 등),4,기타,fallback,기타,,15140383,sif_construction-2426,2016,기타,9. 터널공사,,부딪힘,9. 터널공사 / 9.6 특수터널 작업 / 9.6.1 특수터널(TBM공법 등),고장난 세미쉴드 기기 및 콘크리트 관로 인출작업 중 유압에 의해 튕겨져 나온 원통형 강봉밀대에 근로자가 맞음 기타 건설장비,2016년 12월경 ○○현장에서 피재자가 고장난 세미쉴드(Semi-Shield) 기기 및 콘크리트 관로 인출작업 중 유압에 의해 튕겨져 나온 원통형 강봉밀대에 두부를 맞아 사망,"▶ 유압잭의 길이가 짧아 강재 밀대를 붙여 연장할 경우 유압 잭과 밀대 사이에 볼트 체결, 용접 등 결속하여 편심 발생여부 확인 ▶ 세미쉴드 인출작업 시 해당 작업구간에 근로자의 출입금지",,,
process,"보일러, 공기압축기, 기타 설비 등 사용작업",4,기타,fallback,제조업 | 운수·창고업 | 서비스업,,15140383,sif_manufacturing-41,2016,제조업,화학및고무제품제조업,,『작업장소 또는 그 주변에서 취급하는 위험물질을 파악 및 제거하지 않은 상태』에서 작업하여 화재·폭발·질식·중독 위험,"보일러, 공기압축기, 기타 설비 등 사용작업",『작업장소 또는 그 주변에서 취급하는 위험물질을 파악 및 제거하지 않은 상태』에서 작업하여 화재·폭발·질식·중독 위험 생산설비(열분해로),2016년 9월경 OO사업장 열분해로 투입구에서 재해자가 주변의 설비를 점검하는 중 화염이 덮쳐 화상을 입음,▶ 위험물이 있는 장소에서 휴대용 연삭기 등 기계·기구 사용 금지 ▶ 불꽃을 발생시킬 위험한 작업 시 위험물 제거 및 방폭공구 사용 ▶ 화상 등을 예방하기 위한 방열복 지급 및 착용,,,
process,학생연구자(전문학사.학사과정),4,기타,fallback,서비스업,학생연구자(전문학사.학사과정),3082968,3082968-28965,2023,서비스업,교육서비스업,학생연구자(전문학사.학사과정),"사고 손목 및 손의 2도 화상, 손목 및 손의 여러 부위",학생연구자(전문학사.학사과정),"손목 및 손의 2도 화상, 손목 및 손의 여러 부위",,,,,
process,(건설기계)콘크리트믹서트럭기사,3,기타,fallback,제조업 | 건설업,(건설기계)콘크리트믹서트럭기사,3082968,3082968-10364,2023,제조업,각종시멘트제품제조업,(건설기계)콘크리트믹서트럭기사,"사고 상세불명 늑골의 다발골절,폐쇄성",(건설기계)콘크리트믹서트럭기사,"상세불명 늑골의 다발골절,폐쇄성",,,,,
process,(특수직종)(후원)방문판매원,3,기타,fallback,서비스업,(특수직종)(후원)방문판매원,3082968,3082968-42129,2023,서비스업,도.소매및소비자용품수리업,(특수직종)(후원)방문판매원,"사고 무릎뼈의 골절, 개방성",(특수직종)(후원)방문판매원,"무릎뼈의 골절, 개방성",,,,,
process,13. 기타 건설공사 / 13.1 안전가시설 작업 / 13.1.2 안전가시설(작업발판),3,기타,fallback,건설업,,15140383,sif_construction-2945,2020,건설업,13. 기타 건설공사,,추락,13. 기타 건설공사 / 13.1 안전가시설 작업 / 13.1.2 안전가시설(작업발판),철골 구조물의 그레이팅 발판 설치를 위해 손가락에 그레이팅을 끼워 들어올린 상태로 실측하던 중 그레이팅이 개구부로 낙하하면서 추락 기타 개구부,2020년 7월경 ○○현장에서 철골 구조물의 그레이팅 발판 설치를 위해 작업자가 그레이팅에 손가락을 끼워 들어올린 상태로 실측하던 중 그레이팅이 개구부로 낙하하면서 작업자가 함께 추락하여 사망,"▶ 추락할 위험이 있는 개구부에는 안전난간 또는 덮개 등을 충분한 강도를 가진 구조로 튼튼하게 설치 ▶ 개구부 덮개를 설치할 경우 뒤집히거나 떨어지지 않도록 견고히 설치하고 개구부임을 표시하는 등 떨어짐 위험을 방지하기 위한 필요한 조치 실시 ▶ 추락방지망 또는 안전난간 설치가 어려운 경우, 안전대 부착설비를 설치하고 …",,,
process,13. 기타 건설공사 / 13.1 안전가시설 작업 / 13.1.7 안전가시설(가설통로 또는 가설계단),3,기타,fallback,건설업,,15140383,sif_construction-3051,2019,건설업,13. 기타 건설공사,,추락,13. 기타 건설공사 / 13.1 안전가시설 작업 / 13.1.7 안전가시설(가설통로 또는 가설계단),흙막이 가시설 가설계단 수정 작업 중 몸의 중심을 잃고 추락 작업발판/가설계단,2019년 4월경 ○○현장에서 지하3층 구간의 가설계단 수정 및 안전난간 연결 작업 중 가설계단이 무너지며 바닥으로 떨어져 부상,▶ 떨어질 위험이 있는 장소에서 작업시 작업발판 및 추락방호망 설치 ▶ 근로자에게 안전대를 착용하도록 하는 등 떨어짐 방지조치 실시,,,
process,13. 기타 건설공사 / 13.4 양중기 작업 / 13.4.4 양중기(윈치),3,기타,fallback,건설업,,15140383,sif_construction-3188,2018,건설업,13. 기타 건설공사,,낙하,13. 기타 건설공사 / 13.4 양중기 작업 / 13.4.4 양중기(윈치),"전동윈치에 ㄷ형강을 걸어 인양하여 벽체에 세우던 중, 전동윈치 걸이용 앵커볼트가 휘어지며 전동윈치가 탈락하여 ㄷ형강이 넘어져 근로자에게 맞음 철골자재","2018년 8월경 ○○현장에서 전동윈치에 ㄷ형강을 걸어 인양하여 벽체에 세우던 중, 전동윈치 걸이용 앵커볼트가 휘어지며 전동윈치가 탈락하여 ㄷ형강이 넘어지며 근로자가 맞아서 사망",▶ 전동윈치 고정용 앵커볼트는 허용응력 등 제원을 확인하여 고정 앵커의 강도 확보 ▶ 중량물 취급 작업에 따른 작업계획 수립 및 준수,,,
process,"9. 터널공사 / 9.3 터널 보강 작업 / 9.3.1 터널 강지보, 숏크리트, 락볼트 등",3,기타,fallback,기타,,15140383,sif_construction-2407,2016,기타,9. 터널공사,,끼임,"9. 터널공사 / 9.3 터널 보강 작업 / 9.3.1 터널 강지보, 숏크리트, 락볼트 등",지보재를 하역하던 중 터널용 고소작업차(차징카)가 갑자기 움직여 작업대와 지보재 사이에 근로자가 끼임 기타 건설장비,2016년 12월경 터널 막장면에서 피재자가 막장면에 세워져 있던 지보재 다발의 슬링벨트를 제거하려던 중 재해자 근처에 있던 터널용고소작업차(차징카)가 움직이면서 작업대(케이지)와 지보재 사이에 끼여 사망,"▶ 근로자가 고소작업차 등에 탑승하여 작업을 수행하는 경우 유도자를 배치하여 신호에 따라 작업 ▶ 운전자가 운전석에서 이탈하는 경우 갑작스러운 주행이나 이탈이 발생하지 않도록 엔진 정지, 브레이크 작동 및 운전대에서 시동키 분리 등의 안전조치 실시",,,
process,(노무제공)어린이통학버스기사,2,기타,fallback,서비스업,(노무제공)어린이통학버스기사,3082968,3082968-50413,2024,서비스업,교육서비스업,(노무제공)어린이통학버스기사,사고 열린 두개내상처가 없는 진탕,(노무제공)어린이통학버스기사,열린 두개내상처가 없는 진탕,,,,,
process,(특수직종)학습지교사,2,기타,fallback,서비스업,(특수직종)학습지교사,3082968,3082968-9765,2023,서비스업,도.소매및소비자용품수리업,(특수직종)학습지교사,"출퇴근 제1늑골을 침범하지 않은 다발골절, 폐쇄성",(특수직종)학습지교사,"제1늑골을 침범하지 않은 다발골절, 폐쇄성",,,,,
process,13. 기타 건설공사 / 13.4 양중기 작업 / 13.4.5 양중기(특수작업대),2,기타,fallback,건설업,,15140383,sif_construction-3191,2018,건설업,13. 기타 건설공사,,낙하,13. 기타 건설공사 / 13.4 양중기 작업 / 13.4.5 양중기(특수작업대),이동식 천장작업대 수평이동 중 레일 이음부가 꺽이면서 레일에 결속된 작업대 지지부가 이탈되며 작업대와 탑승 작업자가 떨어짐 기타 가설구조물,2018년 3월경 ○○현장에서 이동식 천장작업대 수평이동 중 레일 이음부가 꺽이면서 레일에 결속된 작업대 지지부가 이탈되며 작업대와 탑승 작업자가 떨어져 1명 사망 및 4명 부상,▶ 이동식 천장작업대는 자중 및 이동에 따른 작업하중에 충분히 견딜 수 있도록 작업대 이동전 지지레일을 충분히 연장설치 및 작업대 지지레일 끝단부 설치 ▶ 작업대 지지용 레일 설치 시 설계기준 준수(지지레일 끝단부는 변형방지를 위해 설계도에 따른 안전조치 철저),,,
process,9. 터널공사 / 9.3 터널 보강 작업 / 9.3.2 터널 특수보강,2,기타,fallback,기타,,15140383,sif_construction-2410,2017,기타,9. 터널공사,,낙하,9. 터널공사 / 9.3 터널 보강 작업 / 9.3.2 터널 특수보강,"터널 브라켓에 풍도슬래브를 정치하기 위해 위치조정 중 풍도슬래브 1본이 4m 높이에서 낙하하여 근로자 추락 및 하부에 있던 근로자 깔림 철근콘크리트자재(철근,콘크리트,PC)",2017년 6월경 ○○현장에서 터널배부에서 굴삭기(0.8W)와 별도의 달기구(인양용 발렌스빔)를 사용하여 풍도슬래브 설치작업을 하는 과정에서 터널 브라켓(거치부)에 풍도슬래브를 정치(定置)하기 위해 위치조정 중 풍도슬래브 1본(9m×1.2m×0.17m/2.8t)이 4m 높이에서 낙하하여 하부에 있던 1명이 낙하하는 풍도…,▶ 중량물을 인양하는 등의 작업 시 중량물 취급작업계획서를 작성하고 작업계획에 따라 작업진행 ▶ 추락위험 장소에서 작업시 안전대부착설비 설치 및 안전대 착용 ▶ 터널내부 작업장 조도기준에 부합하게 조명설비 설치,,,
process,"학생연구자(박사과정,석.박사통합과정)",2,기타,fallback,서비스업,"학생연구자(박사과정,석.박사통합과정)",3082968,3082968-64636,2023,서비스업,교육서비스업,"학생연구자(박사과정,석.박사통합과정)","사고 손목 및 손의 3도 화상, 손목 및 손의 여러 부위","학생연구자(박사과정,석.박사통합과정)","손목 및 손의 3도 화상, 손목 및 손의 여러 부위",,,,,
process,학생연구자(전문학사·학사과정),2,기타,fallback,서비스업,학생연구자(전문학사·학사과정),3082968,3082968-46274,2024,서비스업,교육서비스업,학생연구자(전문학사·학사과정),"사고 머리 및 목의 2도 화상, 머리, 얼굴, 목의 여러 부위",학생연구자(전문학사·학사과정),"머리 및 목의 2도 화상, 머리, 얼굴, 목의 여러 부위",,,,,
process,(건설기계)덤프트럭기사,1,기타,fallback,건설업,(건설기계)덤프트럭기사,3082968,3082968-118907,2023,건설업,건축건설공사,(건설기계)덤프트럭기사,"사고 종골의 골절, 폐쇄성",(건설기계)덤프트럭기사,"종골의 골절, 폐쇄성",,,,,
process,(건설기계)로더기사,1,기타,fallback,서비스업,(건설기계)로더기사,3082968,3082968-125537,2023,서비스업,위생및유사서비스업,(건설기계)로더기사,"질병 상세불명의 기관지 또는 폐의 악성 신생물, 상세불명 쪽",(건설기계)로더기사,"상세불명의 기관지 또는 폐의 악성 신생물, 상세불명 쪽",,,,,
process,(특수직종)소프트웨어기술자,1,기타,fallback,기타,(특수직종)소프트웨어기술자,3082968,3082968-8827,2023,기타,정보처리및기타컴퓨터운용관련사업,(특수직종)소프트웨어기술자,"출퇴근 외측복사의 골절의 골절, 폐쇄성",(특수직종)소프트웨어기술자,"외측복사의 골절의 골절, 폐쇄성",,,,,
process,13. 기타 건설공사 / 13.1 안전가시설 작업 / 13.1.9 안전가시설(방호선반),1,기타,fallback,건설업,,15140383,sif_construction-3072,2023,건설업,13. 기타 건설공사,,추락,13. 기타 건설공사 / 13.1 안전가시설 작업 / 13.1.9 안전가시설(방호선반),외부비계에 걸쳐 중앙부만 철선으로 고정된 방호선반(합판)을 밟고 지상 2층 골조 단부에서 외부 비계쪽으로 이동하던 중 중앙부만 고정된 합판이 회전하며 비계와 건물사이 개구부로 추락 비계,2023년 4월경 ○○현장에서 외부비계에 걸쳐 중앙부만 철선으로 고정된 방호선반(합판)을 밟고 지상 2층 골조 단부에서 외부 비계쪽으로 이동하던 중 중앙부만 고정된 합판이 회전하며 비계와 건물사이 개구부로 추락하여 사망,"▶ 추락할 위험이 있는 경우 작업동선을 고려한 작업발판 설치 ▶ 작업발판은 탈락하거나 뒤집힐 위험이 없도록 2개소 이상 고정 및 안전난간 설치 ▶ 안전난간 설치가 곤란한 경우 안전대 부착설비 설치 및 안전대, 안전모 등 개인보호구 착용",,,
process,8. 교량공사 / 8.4 특수교량 작업 / 8.4.1 특수교량(ILM 공법 등),1,기타,fallback,기타,,15140383,sif_construction-2393,2017,기타,8. 교량공사,,깔림,8. 교량공사 / 8.4 특수교량 작업 / 8.4.1 특수교량(ILM 공법 등),ILM 교량 제작장 몰드커버(작업장 지붕) 해체작업 중 레일기초와 교량거푸집 상부에 경사지게 거치된 몰드커버가 전도되며 깔림 기타 구조물,"2017년 1월경 재해자가 ILM 교량 제작장 몰드커버 해체작업 중 몰드커버에 체결된 슬링벨트를 이동하기 위해, 몰드커버 측면을 이동 중 레일기초와 교량거푸집 상부에 경사로 거치된 몰드커버가 재해자 쪽으로 넘어가면서 몰드커버 기둥강관더미와 바닥경사면 사이에 끼어 사망",▶ 몰드커버 해체작업 시 불안전하게 거치딘 부재가 넘어지지 않도록 붙들어 지탱하는 등 안전조치 및 작업자 출입금지 조치 실시 ▶ 구조물 해체 작업시 사전에 작업계획 수립 및 준수,,,
process,9. 터널공사 / 9.2 수직구 및 갱구부 작업 / 9.2.2 갱구부 작업,1,기타,fallback,기타,,15140383,sif_construction-2406,2021,기타,9. 터널공사,,추락,9. 터널공사 / 9.2 수직구 및 갱구부 작업 / 9.2.2 갱구부 작업,터널 종점부 갱문 부위 흙막이 가시설 보강용 앵글 설치를 위해 코너 스트러트 상부에서 작업 중 몸의 균형을 잃고 추락 흙막이가시설,2021년 3월경 ○○현장에서 피재자가 터널 종점부 갱문 부위 흙막이 가시설 보강용 앵글 설치를 위해 코너 스트러트 상부에서 작업 또는 이동중 몸의 균형을 잃고 약 6m 아래 바닥으로 추락하여 사망,"▶ 흙막이 띄장, 버팀대 등 추락위험 장소에 안전방망 또는 안전대 착용 등 추락방지조치 실시 ▶ 안전모 및 안전대 등 개인보호구 지급 및 착용관리 감독 ▶ 추락위험 장소에 대해 근로자가 임의 출입을 방지하도록 방책 등 설치",,,
process,콘크리트믹서트럭기사,1,기타,fallback,제조업,콘크리트믹서트럭기사,3082968,3082968-11134,2023,제조업,각종시멘트제품제조업,콘크리트믹서트럭기사,"사고 종골의 골절, 폐쇄성",콘크리트믹서트럭기사,"종골의 골절, 폐쇄성",,,,,
process,"학생연구자(석사과정,학.석사통합과정)",1,기타,fallback,기타,"학생연구자(석사과정,학.석사통합과정)",3082968,3082968-109498,2024,기타,연구및개발사업,"학생연구자(석사과정,학.석사통합과정)",사고 손톱의 손상이 없는 손가락의 열린 상처,"학생연구자(석사과정,학.석사통합과정)",손톱의 손상이 없는 손가락의 열린 상처,,,,,
